SentimentCategory,Avg_Likes,Avg_Retweets
Neutral,79.59375,26.84375
Positive,83.13888888888889,24.805555555555557
Negative,57.96875,22.53125
