AgeGroup,Avg_Likes,Avg_Retweets
Teen,83.75,24.107142857142858
Adult,76.05,27.4
Senior,67.86538461538461,24.03846153846154
